"FileName","FolderPath","Bitrate","Quality","SampleRate","Channels","Duration","Encoding"
"Krig - Feed Me - 01 - Bastard Boss.mp3","D:\Files\Recordings\superpackage.musics\Krig - Discography\Albums\2007 - Krig - Feed Me","Error","Unknown","-","-","-","-"
"Krig - Feed Me - 02 - America's own.mp3","D:\Files\Recordings\superpackage.musics\Krig - Discography\Albums\2007 - Krig - Feed Me","Error","Unknown","-","-","-","-"
"Krig - Feed Me - 03 - Public Static Protected.mp3","D:\Files\Recordings\superpackage.musics\Krig - Discography\Albums\2007 - Krig - Feed Me","Error","Unknown","-","-","-","-"
"Krig - Feed Me - 04 - 777.mp3","D:\Files\Recordings\superpackage.musics\Krig - Discography\Albums\2007 - Krig - Feed Me","Error","Unknown","-","-","-","-"
"Krig - Feed Me - 05 - Throw your pistol away.mp3","D:\Files\Recordings\superpackage.musics\Krig - Discography\Albums\2007 - Krig - Feed Me","Error","Unknown","-","-","-","-"
"Krig - Feed Me - 06 - Rotten MTV.mp3","D:\Files\Recordings\superpackage.musics\Krig - Discography\Albums\2007 - Krig - Feed Me","Error","Unknown","-","-","-","-"
"Krig - Feed Me - 07 - Global Warming.mp3","D:\Files\Recordings\superpackage.musics\Krig - Discography\Albums\2007 - Krig - Feed Me","Error","Unknown","-","-","-","-"
"Krig - Feed Me - 08 - Endless Night.mp3","D:\Files\Recordings\superpackage.musics\Krig - Discography\Albums\2007 - Krig - Feed Me","Error","Unknown","-","-","-","-"
"Krig - Feed Me - 09 - Throw your pistol away (Full Edition).mp3","D:\Files\Recordings\superpackage.musics\Krig - Discography\Albums\2007 - Krig - Feed Me","Error","Unknown","-","-","-","-"
"Krig - Stop the Manipulation - 01 - Foolish Evildoers.mp3","D:\Files\Recordings\superpackage.musics\Krig - Discography\Albums\2008 - Krig - Stop the Manipulation","Error","Unknown","-","-","-","-"
"Krig - Stop the Manipulation - 02 - Globo.mp3","D:\Files\Recordings\superpackage.musics\Krig - Discography\Albums\2008 - Krig - Stop the Manipulation","Error","Unknown","-","-","-","-"
"Krig - Stop the Manipulation - 03 - Reality Show.mp3","D:\Files\Recordings\superpackage.musics\Krig - Discography\Albums\2008 - Krig - Stop the Manipulation","Error","Unknown","-","-","-","-"
"Krig - Stop the Manipulation - 04 - Stop the Manipulation (Feat Luke Renno).mp3","D:\Files\Recordings\superpackage.musics\Krig - Discography\Albums\2008 - Krig - Stop the Manipulation","Error","Unknown","-","-","-","-"
"Krig - Stop the Manipulation - 05 - Weapons of our warfare (Deliverance Cover).mp3","D:\Files\Recordings\superpackage.musics\Krig - Discography\Albums\2008 - Krig - Stop the Manipulation","Error","Unknown","-","-","-","-"
"Krig - Stop the Manipulation - 06 - Bastard Boss (Live).mp3","D:\Files\Recordings\superpackage.musics\Krig - Discography\Albums\2008 - Krig - Stop the Manipulation","Error","Unknown","-","-","-","-"
"Krig - Stop the Manipulation - 07 - Global Warming (Live).mp3","D:\Files\Recordings\superpackage.musics\Krig - Discography\Albums\2008 - Krig - Stop the Manipulation","Error","Unknown","-","-","-","-"
"Krig - Stop the Manipulation - 08 - Rotten MTV (Live).mp3","D:\Files\Recordings\superpackage.musics\Krig - Discography\Albums\2008 - Krig - Stop the Manipulation","Error","Unknown","-","-","-","-"
"Krig - Stop the Manipulation - 09 - Untitled Hidden Track.mp3","D:\Files\Recordings\superpackage.musics\Krig - Discography\Albums\2008 - Krig - Stop the Manipulation","Error","Unknown","-","-","-","-"
"Krig - Target Human, Mission Destroy - 01 - Mercenary Pastor.mp3","D:\Files\Recordings\superpackage.musics\Krig - Discography\Albums\2009 - Krig - Target Human, Mission Destroy","Error","Unknown","-","-","-","-"
"Krig - Target Human, Mission Destroy - 02 - Fatality Brutality.mp3","D:\Files\Recordings\superpackage.musics\Krig - Discography\Albums\2009 - Krig - Target Human, Mission Destroy","Error","Unknown","-","-","-","-"
"Krig - Target Human, Mission Destroy - 03 - Chaos in the Air.mp3","D:\Files\Recordings\superpackage.musics\Krig - Discography\Albums\2009 - Krig - Target Human, Mission Destroy","Error","Unknown","-","-","-","-"
"Krig - Target Human, Mission Destroy - 04 - Fast Food.mp3","D:\Files\Recordings\superpackage.musics\Krig - Discography\Albums\2009 - Krig - Target Human, Mission Destroy","Error","Unknown","-","-","-","-"
"Krig - Target Human, Mission Destroy - 05 - My Intestine is Displayed.mp3","D:\Files\Recordings\superpackage.musics\Krig - Discography\Albums\2009 - Krig - Target Human, Mission Destroy","Error","Unknown","-","-","-","-"
"Krig - Target Human, Mission Destroy - 06 - You Will Be Hated.mp3","D:\Files\Recordings\superpackage.musics\Krig - Discography\Albums\2009 - Krig - Target Human, Mission Destroy","Error","Unknown","-","-","-","-"
"Krig - Target Human, Mission Destroy - 07 - My Abstract Side.mp3","D:\Files\Recordings\superpackage.musics\Krig - Discography\Albums\2009 - Krig - Target Human, Mission Destroy","Error","Unknown","-","-","-","-"
"Krig - Target Human, Mission Destroy - 08 - Amazon Bleeds.mp3","D:\Files\Recordings\superpackage.musics\Krig - Discography\Albums\2009 - Krig - Target Human, Mission Destroy","Error","Unknown","-","-","-","-"
"Krig - Target Human, Mission Destroy - 09 - Politicians in the pigsty.mp3","D:\Files\Recordings\superpackage.musics\Krig - Discography\Albums\2009 - Krig - Target Human, Mission Destroy","Error","Unknown","-","-","-","-"
"Krig - Target Human, Mission Destroy - 10 - Beautiful Mutilation.mp3","D:\Files\Recordings\superpackage.musics\Krig - Discography\Albums\2009 - Krig - Target Human, Mission Destroy","Error","Unknown","-","-","-","-"
"Krig - Live in D.F. Bootleg - 01 - Mercenary Pastor (Live).mp3","D:\Files\Recordings\superpackage.musics\Krig - Discography\Albums\2010 - Krig - Live in D.F. Bootleg","Error","Unknown","-","-","-","-"
"Krig - Live in D.F. Bootleg - 02 - Rotten MTV (Live).mp3","D:\Files\Recordings\superpackage.musics\Krig - Discography\Albums\2010 - Krig - Live in D.F. Bootleg","Error","Unknown","-","-","-","-"
"Krig - Live in D.F. Bootleg - 03 - G.L.O.B.O (Palavra).mp3","D:\Files\Recordings\superpackage.musics\Krig - Discography\Albums\2010 - Krig - Live in D.F. Bootleg","Error","Unknown","-","-","-","-"
"Krig - Live in D.F. Bootleg - 04 - G.L.O.B.O (Live).mp3","D:\Files\Recordings\superpackage.musics\Krig - Discography\Albums\2010 - Krig - Live in D.F. Bootleg","Error","Unknown","-","-","-","-"
"Krig - Live in D.F. Bootleg - 04 - Public Static Protected.mp3","D:\Files\Recordings\superpackage.musics\Krig - Discography\Albums\2010 - Krig - Live in D.F. Bootleg","Error","Unknown","-","-","-","-"
"Krig - Live in D.F. Bootleg - 05 - Public Static Protected (Live)..mp3","D:\Files\Recordings\superpackage.musics\Krig - Discography\Albums\2010 - Krig - Live in D.F. Bootleg","Error","Unknown","-","-","-","-"
"Krig - Live in D.F. Bootleg - 06 - Dilacerated (Live).mp3","D:\Files\Recordings\superpackage.musics\Krig - Discography\Albums\2010 - Krig - Live in D.F. Bootleg","Error","Unknown","-","-","-","-"
"Krig - Live in D.F. Bootleg - 07 - Bastard Boss (Live).mp3","D:\Files\Recordings\superpackage.musics\Krig - Discography\Albums\2010 - Krig - Live in D.F. Bootleg","Error","Unknown","-","-","-","-"
"Krig - Live in D.F. Bootleg - 08 - Global Warming (Live).mp3","D:\Files\Recordings\superpackage.musics\Krig - Discography\Albums\2010 - Krig - Live in D.F. Bootleg","Error","Unknown","-","-","-","-"
"Krig - Live in D.F. Bootleg - 09 - 777 (Live).mp3","D:\Files\Recordings\superpackage.musics\Krig - Discography\Albums\2010 - Krig - Live in D.F. Bootleg","Error","Unknown","-","-","-","-"
"Krig - Live in D.F. Bootleg - 10 - God is Alive (Live).mp3","D:\Files\Recordings\superpackage.musics\Krig - Discography\Albums\2010 - Krig - Live in D.F. Bootleg","Error","Unknown","-","-","-","-"
"Krig - Live in D.F. Bootleg - 11 - Fatality Brutality (Live).mp3","D:\Files\Recordings\superpackage.musics\Krig - Discography\Albums\2010 - Krig - Live in D.F. Bootleg","Error","Unknown","-","-","-","-"
"Krig - Narcissistic Mechanism - 01 - Foolish Evildoers II.mp3","D:\Files\Recordings\superpackage.musics\Krig - Discography\Albums\2010 - Krig - Narcissistic Mechanism","Error","Unknown","-","-","-","-"
"Krig - Narcissistic Mechanism - 02 - Dilacerated.mp3","D:\Files\Recordings\superpackage.musics\Krig - Discography\Albums\2010 - Krig - Narcissistic Mechanism","Error","Unknown","-","-","-","-"
"Krig - Narcissistic Mechanism - 03 - Not Being Hypocrite.mp3","D:\Files\Recordings\superpackage.musics\Krig - Discography\Albums\2010 - Krig - Narcissistic Mechanism","Error","Unknown","-","-","-","-"
"Krig - Narcissistic Mechanism - 04 - God is Alive.mp3","D:\Files\Recordings\superpackage.musics\Krig - Discography\Albums\2010 - Krig - Narcissistic Mechanism","Error","Unknown","-","-","-","-"
"Krig - Narcissistic Mechanism - 05 - End of Time.mp3","D:\Files\Recordings\superpackage.musics\Krig - Discography\Albums\2010 - Krig - Narcissistic Mechanism","Error","Unknown","-","-","-","-"
"Krig - Narcissistic Mechanism - 06 - Mankind Dead Remains.mp3","D:\Files\Recordings\superpackage.musics\Krig - Discography\Albums\2010 - Krig - Narcissistic Mechanism","Error","Unknown","-","-","-","-"
"Krig - Narcissistic Mechanism - 07 - Hideout of Demons.mp3","D:\Files\Recordings\superpackage.musics\Krig - Discography\Albums\2010 - Krig - Narcissistic Mechanism","Error","Unknown","-","-","-","-"
"Krig - Narcissistic Mechanism - 08 - Narcissistic Mechanism.mp3","D:\Files\Recordings\superpackage.musics\Krig - Discography\Albums\2010 - Krig - Narcissistic Mechanism","Error","Unknown","-","-","-","-"
"Krig - Narcissistic Mechanism - 09 - Outcast Worms.mp3","D:\Files\Recordings\superpackage.musics\Krig - Discography\Albums\2010 - Krig - Narcissistic Mechanism","Error","Unknown","-","-","-","-"
"Krig - Narcissistic Mechanism - 10 - Rotten Poetry.mp3","D:\Files\Recordings\superpackage.musics\Krig - Discography\Albums\2010 - Krig - Narcissistic Mechanism","Error","Unknown","-","-","-","-"
"Krig - Decay's Beholder - 01 - Decay’s Beholder, Behold the War.mp3","D:\Files\Recordings\superpackage.musics\Krig - Discography\Albums\2013 - Krig - Decay's Beholder","Error","Unknown","-","-","-","-"
"Krig - Decay's Beholder - 02 - Decay’s Beholder.mp3","D:\Files\Recordings\superpackage.musics\Krig - Discography\Albums\2013 - Krig - Decay's Beholder","Error","Unknown","-","-","-","-"
"Krig - Decay's Beholder - 03 - 33.mp3","D:\Files\Recordings\superpackage.musics\Krig - Discography\Albums\2013 - Krig - Decay's Beholder","Error","Unknown","-","-","-","-"
"Krig - Decay's Beholder - 04 - Killer tendency.mp3","D:\Files\Recordings\superpackage.musics\Krig - Discography\Albums\2013 - Krig - Decay's Beholder","Error","Unknown","-","-","-","-"
"Krig - Decay's Beholder - 05 - Drink the Third World.mp3","D:\Files\Recordings\superpackage.musics\Krig - Discography\Albums\2013 - Krig - Decay's Beholder","Error","Unknown","-","-","-","-"
"Krig - Decay's Beholder - 06 - Threw out Prophecies.mp3","D:\Files\Recordings\superpackage.musics\Krig - Discography\Albums\2013 - Krig - Decay's Beholder","Error","Unknown","-","-","-","-"
"Krig - Decay's Beholder - 07 - Lies of Santa Claus.mp3","D:\Files\Recordings\superpackage.musics\Krig - Discography\Albums\2013 - Krig - Decay's Beholder","Error","Unknown","-","-","-","-"
"Krig - Decay's Beholder - 08 - True Human Nature.mp3","D:\Files\Recordings\superpackage.musics\Krig - Discography\Albums\2013 - Krig - Decay's Beholder","Error","Unknown","-","-","-","-"
"Krig - Decay's Beholder - 09 - Wild Civilization.mp3","D:\Files\Recordings\superpackage.musics\Krig - Discography\Albums\2013 - Krig - Decay's Beholder","Error","Unknown","-","-","-","-"
"Krig - Decay's Beholder - 10 - Quiet Ocean of Lies.mp3","D:\Files\Recordings\superpackage.musics\Krig - Discography\Albums\2013 - Krig - Decay's Beholder","Error","Unknown","-","-","-","-"
"Krig - Decay's Beholder - 11 - Disposable.mp3","D:\Files\Recordings\superpackage.musics\Krig - Discography\Albums\2013 - Krig - Decay's Beholder","Error","Unknown","-","-","-","-"
"Krig - Decay's Beholder - 12 - Foolish Evildoers III.mp3","D:\Files\Recordings\superpackage.musics\Krig - Discography\Albums\2013 - Krig - Decay's Beholder","Error","Unknown","-","-","-","-"
"Krig - 7 Years of Brutality - 01 - Bastard Boss (re-recorded).mp3","D:\Files\Recordings\superpackage.musics\Krig - Discography\Albums\2014 - Krig - 7 Years of Brutality","Error","Unknown","-","-","-","-"
"Krig - 7 Years of Brutality - 02 - GLOBO  (re-recorded).mp3","D:\Files\Recordings\superpackage.musics\Krig - Discography\Albums\2014 - Krig - 7 Years of Brutality","Error","Unknown","-","-","-","-"
"Krig - 7 Years of Brutality - 03 - Mercenary Pastor (remastered).mp3","D:\Files\Recordings\superpackage.musics\Krig - Discography\Albums\2014 - Krig - 7 Years of Brutality","Error","Unknown","-","-","-","-"
"Krig - 7 Years of Brutality - 04 - Dilacerated.mp3","D:\Files\Recordings\superpackage.musics\Krig - Discography\Albums\2014 - Krig - 7 Years of Brutality","Error","Unknown","-","-","-","-"
"Krig - 7 Years of Brutality - 05 - Decay's Beholder (remastered).mp3","D:\Files\Recordings\superpackage.musics\Krig - Discography\Albums\2014 - Krig - 7 Years of Brutality","Error","Unknown","-","-","-","-"
"Krig - 7 Years of Brutality - 06 - Stop The Manipulation  (re-recorded Feat. Luke Renno).mp3","D:\Files\Recordings\superpackage.musics\Krig - Discography\Albums\2014 - Krig - 7 Years of Brutality","Error","Unknown","-","-","-","-"
"Krig - 7 Years of Brutality - 07 - 777  (re-recorded).mp3","D:\Files\Recordings\superpackage.musics\Krig - Discography\Albums\2014 - Krig - 7 Years of Brutality","Error","Unknown","-","-","-","-"
"Krig - 7 Years of Brutality - 08 - Fatality Brutality.mp3","D:\Files\Recordings\superpackage.musics\Krig - Discography\Albums\2014 - Krig - 7 Years of Brutality","Error","Unknown","-","-","-","-"
"Krig - 7 Years of Brutality - 09 - God is Alive (remastered).mp3","D:\Files\Recordings\superpackage.musics\Krig - Discography\Albums\2014 - Krig - 7 Years of Brutality","Error","Unknown","-","-","-","-"
"Krig - 7 Years of Brutality - 10 - Killer Tendency (remastered).mp3","D:\Files\Recordings\superpackage.musics\Krig - Discography\Albums\2014 - Krig - 7 Years of Brutality","Error","Unknown","-","-","-","-"
"Krig - 7 Years of Brutality - 11 - Satan.mp3","D:\Files\Recordings\superpackage.musics\Krig - Discography\Albums\2014 - Krig - 7 Years of Brutality","Error","Unknown","-","-","-","-"
"Krig - 7 Years of Brutality - 12 - Wild Civilization (Feat. Jason Campbell).mp3","D:\Files\Recordings\superpackage.musics\Krig - Discography\Albums\2014 - Krig - 7 Years of Brutality","Error","Unknown","-","-","-","-"
"Krig - Tribute - 01 - Tribute.mp3","D:\Files\Recordings\superpackage.musics\Krig - Discography\Albums\2018 - Krig - Tribute","Error","Unknown","-","-","-","-"
"Krig - Tribute - 02 - Soldiers Under Command.mp3","D:\Files\Recordings\superpackage.musics\Krig - Discography\Albums\2018 - Krig - Tribute","Error","Unknown","-","-","-","-"
"Krig - Tribute - 03 - Heroes.mp3","D:\Files\Recordings\superpackage.musics\Krig - Discography\Albums\2018 - Krig - Tribute","Error","Unknown","-","-","-","-"
"Krig - Tribute - 04 - Nonpoint.mp3","D:\Files\Recordings\superpackage.musics\Krig - Discography\Albums\2018 - Krig - Tribute","Error","Unknown","-","-","-","-"
"Krig - Tribute - 05 - Here Comes The Bride.mp3","D:\Files\Recordings\superpackage.musics\Krig - Discography\Albums\2018 - Krig - Tribute","Error","Unknown","-","-","-","-"
"Krig - Tribute - 06 - Grind Planetarium.mp3","D:\Files\Recordings\superpackage.musics\Krig - Discography\Albums\2018 - Krig - Tribute","Error","Unknown","-","-","-","-"
"Krig - Tribute - 07 - Walls of Separation.mp3","D:\Files\Recordings\superpackage.musics\Krig - Discography\Albums\2018 - Krig - Tribute","Error","Unknown","-","-","-","-"
"Krig - Tribute - 08 - Foolish Evildoers IV.mp3","D:\Files\Recordings\superpackage.musics\Krig - Discography\Albums\2018 - Krig - Tribute","Error","Unknown","-","-","-","-"
"Krig - Live in Brazil - 01 - Foolish Evildoers.mp3","D:\Files\Recordings\superpackage.musics\Krig - Discography\Albums\2020 - Krig - Live in Brazil","Error","Unknown","-","-","-","-"
"Krig - Live in Brazil - 02 - Mercenary Pastor.mp3","D:\Files\Recordings\superpackage.musics\Krig - Discography\Albums\2020 - Krig - Live in Brazil","Error","Unknown","-","-","-","-"
"Krig - Live in Brazil - 03 - Stand Up.mp3","D:\Files\Recordings\superpackage.musics\Krig - Discography\Albums\2020 - Krig - Live in Brazil","Error","Unknown","-","-","-","-"
"Krig - Live in Brazil - 04 - Bastard Boss.mp3","D:\Files\Recordings\superpackage.musics\Krig - Discography\Albums\2020 - Krig - Live in Brazil","Error","Unknown","-","-","-","-"
"Krig - Live in Brazil - 05 - You Will Be Hated.mp3","D:\Files\Recordings\superpackage.musics\Krig - Discography\Albums\2020 - Krig - Live in Brazil","Error","Unknown","-","-","-","-"
"Krig - Live in Brazil - 06 - Fast Food.mp3","D:\Files\Recordings\superpackage.musics\Krig - Discography\Albums\2020 - Krig - Live in Brazil","Error","Unknown","-","-","-","-"
"Krig - Live in Brazil - 07 - Global Warming.mp3","D:\Files\Recordings\superpackage.musics\Krig - Discography\Albums\2020 - Krig - Live in Brazil","Error","Unknown","-","-","-","-"
"Krig - Live in Brazil - 08 - God is Alive.mp3","D:\Files\Recordings\superpackage.musics\Krig - Discography\Albums\2020 - Krig - Live in Brazil","Error","Unknown","-","-","-","-"
"Krig - Live in Brazil - 09 - Rotten MTV.mp3","D:\Files\Recordings\superpackage.musics\Krig - Discography\Albums\2020 - Krig - Live in Brazil","Error","Unknown","-","-","-","-"
"Krig - Live in Brazil - 10 - Fatality Brutality.mp3","D:\Files\Recordings\superpackage.musics\Krig - Discography\Albums\2020 - Krig - Live in Brazil","Error","Unknown","-","-","-","-"
"Krig - Live in Brazil - 11 - Globo.mp3","D:\Files\Recordings\superpackage.musics\Krig - Discography\Albums\2020 - Krig - Live in Brazil","Error","Unknown","-","-","-","-"
"Krig - Live in Brazil - 12 - Dilacerated.mp3","D:\Files\Recordings\superpackage.musics\Krig - Discography\Albums\2020 - Krig - Live in Brazil","Error","Unknown","-","-","-","-"
"Krig - Live in Brazil - 13 - Public Static Protected.mp3","D:\Files\Recordings\superpackage.musics\Krig - Discography\Albums\2020 - Krig - Live in Brazil","Error","Unknown","-","-","-","-"
"Krig - Live in Brazil - 14 - 777.mp3","D:\Files\Recordings\superpackage.musics\Krig - Discography\Albums\2020 - Krig - Live in Brazil","Error","Unknown","-","-","-","-"
"Krig - Tribute II - 01 - Tribute II.mp3","D:\Files\Recordings\superpackage.musics\Krig - Discography\Albums\2020 - Krig - Tribute II","Error","Unknown","-","-","-","-"
"Krig - Tribute II - 02 - Run to the Light.mp3","D:\Files\Recordings\superpackage.musics\Krig - Discography\Albums\2020 - Krig - Tribute II","Error","Unknown","-","-","-","-"
"Krig - Tribute II - 03 - Ark of Suffering (Feat. Karl Walfridsson).mp3","D:\Files\Recordings\superpackage.musics\Krig - Discography\Albums\2020 - Krig - Tribute II","Error","Unknown","-","-","-","-"
"Krig - Tribute II - 04 - Master of the Metal.mp3","D:\Files\Recordings\superpackage.musics\Krig - Discography\Albums\2020 - Krig - Tribute II","Error","Unknown","-","-","-","-"
"Krig - Tribute II - 05 - Peace Sells (Feat. Valter Big Head).mp3","D:\Files\Recordings\superpackage.musics\Krig - Discography\Albums\2020 - Krig - Tribute II","Error","Unknown","-","-","-","-"
"Krig - Tribute II - 06 - Crucify.mp3","D:\Files\Recordings\superpackage.musics\Krig - Discography\Albums\2020 - Krig - Tribute II","Error","Unknown","-","-","-","-"
"Krig - Tribute II - 07 - Foolish Evildoers V.mp3","D:\Files\Recordings\superpackage.musics\Krig - Discography\Albums\2020 - Krig - Tribute II","Error","Unknown","-","-","-","-"
"Krig - Tribute II - 08 - Disposable (1st Demo Version).mp3","D:\Files\Recordings\superpackage.musics\Krig - Discography\Albums\2020 - Krig - Tribute II","Error","Unknown","-","-","-","-"
"Krig - Tribute II - 09 - Endless Night (Acoustic Version).mp3","D:\Files\Recordings\superpackage.musics\Krig - Discography\Albums\2020 - Krig - Tribute II","Error","Unknown","-","-","-","-"
"Krig - Anthropos - 01 - Anthropos.mp3","D:\Files\Recordings\superpackage.musics\Krig - Discography\Albums\2022 - Krig - Anthropos","Error","Unknown","-","-","-","-"
"Krig - Anthropos - 02 - Self Control.mp3","D:\Files\Recordings\superpackage.musics\Krig - Discography\Albums\2022 - Krig - Anthropos","Error","Unknown","-","-","-","-"
"Krig - Anthropos - 03 - Third Millennium Terrorism.mp3","D:\Files\Recordings\superpackage.musics\Krig - Discography\Albums\2022 - Krig - Anthropos","Error","Unknown","-","-","-","-"
"Krig - Anthropos - 04 - Promiscuity of the Body.mp3","D:\Files\Recordings\superpackage.musics\Krig - Discography\Albums\2022 - Krig - Anthropos","Error","Unknown","-","-","-","-"
"Krig - Anthropos - 05 - Tribal Legacy.mp3","D:\Files\Recordings\superpackage.musics\Krig - Discography\Albums\2022 - Krig - Anthropos","Error","Unknown","-","-","-","-"
"Krig - Anthropos - 06 - Measuring With My Ruler.mp3","D:\Files\Recordings\superpackage.musics\Krig - Discography\Albums\2022 - Krig - Anthropos","Error","Unknown","-","-","-","-"
"Krig - Anthropos - 07 - Depravity of Human Flesh.mp3","D:\Files\Recordings\superpackage.musics\Krig - Discography\Albums\2022 - Krig - Anthropos","Error","Unknown","-","-","-","-"
"Krig - Anthropos - 08 - Anamnesis.mp3","D:\Files\Recordings\superpackage.musics\Krig - Discography\Albums\2022 - Krig - Anthropos","Error","Unknown","-","-","-","-"
"Krig - Anthropos - 09 - Foolish Evildoers VI.mp3","D:\Files\Recordings\superpackage.musics\Krig - Discography\Albums\2022 - Krig - Anthropos","Error","Unknown","-","-","-","-"
"Krig - Anthropos - 10 - Repetition Of An Eternal Zero.mp3","D:\Files\Recordings\superpackage.musics\Krig - Discography\Albums\2022 - Krig - Anthropos","Error","Unknown","-","-","-","-"
"Krig - It's Christmas, Not Happy Holidays! - 01 - A Magnificent Birth.mp3","D:\Files\Recordings\superpackage.musics\Krig - Discography\Albums\2022 - Krig - It's Christmas, Not Happy Holidays!","Error","Unknown","-","-","-","-"
"Krig - It's Christmas, Not Happy Holidays! - 02 - The Prince of Peace.mp3","D:\Files\Recordings\superpackage.musics\Krig - Discography\Albums\2022 - Krig - It's Christmas, Not Happy Holidays!","Error","Unknown","-","-","-","-"
"Krig - It's Christmas, Not Happy Holidays! - 03 - Foolish Evildoers VII.mp3","D:\Files\Recordings\superpackage.musics\Krig - Discography\Albums\2022 - Krig - It's Christmas, Not Happy Holidays!","Error","Unknown","-","-","-","-"
"Krig - That Christmas Night - 01 - Silent Night.mp3","D:\Files\Recordings\superpackage.musics\Krig - Discography\Albums\2023 - Krig - That Christmas Night","Error","Unknown","-","-","-","-"
"Krig - That Christmas Night - 02 - Lies of Santa Claus.mp3","D:\Files\Recordings\superpackage.musics\Krig - Discography\Albums\2023 - Krig - That Christmas Night","Error","Unknown","-","-","-","-"
"Krig - That Christmas Night - 03 - Foolish Evildoers VI.mp3","D:\Files\Recordings\superpackage.musics\Krig - Discography\Albums\2023 - Krig - That Christmas Night","Error","Unknown","-","-","-","-"
"Krig - 17 Years of Brutality Volume I - 01 - Foolish Evildoers IX (Feat. Marcão Werneck).mp3","D:\Files\Recordings\superpackage.musics\Krig - Discography\Albums\2024 - Krig - 17 Years of Brutality Volume I","Error","Unknown","-","-","-","-"
"Krig - 17 Years of Brutality Volume I - 02 - Blender Pregnancy (Feat. Fabio Mohan).mp3","D:\Files\Recordings\superpackage.musics\Krig - Discography\Albums\2024 - Krig - 17 Years of Brutality Volume I","34 kbps","Low","44 kHz","Stereo","4:29","CBR"
"Krig - 17 Years of Brutality Volume I - 03 - Foolish Evildoers I (Feat. Paulo Coluti).mp3","D:\Files\Recordings\superpackage.musics\Krig - Discography\Albums\2024 - Krig - 17 Years of Brutality Volume I","Error","Unknown","-","-","-","-"
"Krig - 17 Years of Brutality Volume I - 04 - Bastard Boss (Feat. Paulo Coluti).mp3","D:\Files\Recordings\superpackage.musics\Krig - Discography\Albums\2024 - Krig - 17 Years of Brutality Volume I","Error","Unknown","-","-","-","-"
"Krig - 17 Years of Brutality Volume I - 05 - Politicians in the Pigsty (Feat. Matheus Morais).mp3","D:\Files\Recordings\superpackage.musics\Krig - Discography\Albums\2024 - Krig - 17 Years of Brutality Volume I","Error","Unknown","-","-","-","-"
"Krig - 17 Years of Brutality Volume I - 06 - Promiscuity Of The Body (Feat. Krzysztof Klingbein).mp3","D:\Files\Recordings\superpackage.musics\Krig - Discography\Albums\2024 - Krig - 17 Years of Brutality Volume I","Error","Unknown","-","-","-","-"
"Krig - 17 Years of Brutality Volume I - 07 - 777 (Feat. Matheus Morais).mp3","D:\Files\Recordings\superpackage.musics\Krig - Discography\Albums\2024 - Krig - 17 Years of Brutality Volume I","Error","Unknown","-","-","-","-"
"Krig - 17 Years of Brutality Volume I - 08 - Global Warming (Live).mp3","D:\Files\Recordings\superpackage.musics\Krig - Discography\Albums\2024 - Krig - 17 Years of Brutality Volume I","Error","Unknown","-","-","-","-"
"Krig - 17 Years of Brutality Volume I - 09 - THMD Sessions.mp3","D:\Files\Recordings\superpackage.musics\Krig - Discography\Albums\2024 - Krig - 17 Years of Brutality Volume I","Error","Unknown","-","-","-","-"
"Krig - 17 Years of Brutality Volume II - 01 - The Commander of the Army of the Lord.mp3","D:\Files\Recordings\superpackage.musics\Krig - Discography\Albums\2024 - Krig - 17 Years of Brutality Volume II","Error","Unknown","-","-","-","-"
"Krig - 17 Years of Brutality Volume II - 02 - Christ is Public Enemy #1 (feat. Ritchy Nails).mp3","D:\Files\Recordings\superpackage.musics\Krig - Discography\Albums\2024 - Krig - 17 Years of Brutality Volume II","32 kbps","Low","44 kHz","Stereo","5:04","CBR"
"Krig - 17 Years of Brutality Volume II - 03 - Foolish Evildoers X.mp3","D:\Files\Recordings\superpackage.musics\Krig - Discography\Albums\2024 - Krig - 17 Years of Brutality Volume II","Error","Unknown","-","-","-","-"
"Krig - 17 Years of Brutality Volume II - 04 - The Meeting.mp3","D:\Files\Recordings\superpackage.musics\Krig - Discography\Albums\2024 - Krig - 17 Years of Brutality Volume II","Error","Unknown","-","-","-","-"
"Krig - 17 Years of Brutality Volume II - 05 - God is Alive (feat. Daniel Martins).mp3","D:\Files\Recordings\superpackage.musics\Krig - Discography\Albums\2024 - Krig - 17 Years of Brutality Volume II","Error","Unknown","-","-","-","-"
"Krig - 17 Years of Brutality Volume II - 06 - Global Warming (feat. Junior Guedes and Phillippe Levidad).mp3","D:\Files\Recordings\superpackage.musics\Krig - Discography\Albums\2024 - Krig - 17 Years of Brutality Volume II","Error","Unknown","-","-","-","-"
"Krig - 17 Years of Brutality Volume II - 07 - Fatality Brutality (Live in Studio).mp3","D:\Files\Recordings\superpackage.musics\Krig - Discography\Albums\2024 - Krig - 17 Years of Brutality Volume II","Error","Unknown","-","-","-","-"
"Krig - 17 Years of Brutality Volume II - 08 - Mercenary Pastor (feat. Paulo Coluti).mp3","D:\Files\Recordings\superpackage.musics\Krig - Discography\Albums\2024 - Krig - 17 Years of Brutality Volume II","Error","Unknown","-","-","-","-"
"Krig - 17 Years of Brutality Volume II - 09 - Self Control (feat. Manti).mp3","D:\Files\Recordings\superpackage.musics\Krig - Discography\Albums\2024 - Krig - 17 Years of Brutality Volume II","Error","Unknown","-","-","-","-"
"Krig - 17 Years of Brutality Volume III - 01 - By the Oaks of Mamre.mp3","D:\Files\Recordings\superpackage.musics\Krig - Discography\Albums\2024 - Krig - 17 Years of Brutality Volume III","Error","Unknown","-","-","-","-"
"Krig - 17 Years of Brutality Volume III - 02 - The Order of Melchizedek (feat. Gui Santos and Angelo Torquetto).mp3","D:\Files\Recordings\superpackage.musics\Krig - Discography\Albums\2024 - Krig - 17 Years of Brutality Volume III","Error","Unknown","-","-","-","-"
"Krig - 17 Years of Brutality Volume III - 03 - Persécution Tranquille (feat. Ritchy Nails).mp3","D:\Files\Recordings\superpackage.musics\Krig - Discography\Albums\2024 - Krig - 17 Years of Brutality Volume III","Error","Unknown","-","-","-","-"
"Krig - 17 Years of Brutality Volume III - 04 - Foolish Evildoers XI.mp3","D:\Files\Recordings\superpackage.musics\Krig - Discography\Albums\2024 - Krig - 17 Years of Brutality Volume III","Error","Unknown","-","-","-","-"
"Krig - 17 Years of Brutality Volume III - 05 - Rotten MTV (feat. Marcão Werneck and Manti).mp3","D:\Files\Recordings\superpackage.musics\Krig - Discography\Albums\2024 - Krig - 17 Years of Brutality Volume III","Error","Unknown","-","-","-","-"
"Krig - 17 Years of Brutality Volume III - 06 - Shiloh.mp3","D:\Files\Recordings\superpackage.musics\Krig - Discography\Albums\2024 - Krig - 17 Years of Brutality Volume III","Error","Unknown","-","-","-","-"
"Krig - 17 Years of Brutality Volume III - 07 - Fast Food (fest. Samuel Bernardo).mp3","D:\Files\Recordings\superpackage.musics\Krig - Discography\Albums\2024 - Krig - 17 Years of Brutality Volume III","Error","Unknown","-","-","-","-"
"Krig - 17 Years of Brutality Volume III - 08 - True Human Nature.mp3","D:\Files\Recordings\superpackage.musics\Krig - Discography\Albums\2024 - Krig - 17 Years of Brutality Volume III","Error","Unknown","-","-","-","-"
"Krig - 17 Years of Brutality Volume III - 09 - Measuring With My Ruler.mp3","D:\Files\Recordings\superpackage.musics\Krig - Discography\Albums\2024 - Krig - 17 Years of Brutality Volume III","Error","Unknown","-","-","-","-"
"Krig - 17 Years of Brutality Volume III - 10 - Dilacerated (feat. Matheus Morais).mp3","D:\Files\Recordings\superpackage.musics\Krig - Discography\Albums\2024 - Krig - 17 Years of Brutality Volume III","Error","Unknown","-","-","-","-"
"Krig - 17 Years of Brutality Volume III - 11 - 33.mp3","D:\Files\Recordings\superpackage.musics\Krig - Discography\Albums\2024 - Krig - 17 Years of Brutality Volume III","Error","Unknown","-","-","-","-"
"Krig - 17 Years of Brutality Volume III - 12 - You Will Be Hated (feat. Matheus Morais).mp3","D:\Files\Recordings\superpackage.musics\Krig - Discography\Albums\2024 - Krig - 17 Years of Brutality Volume III","Error","Unknown","-","-","-","-"
"Krig - Bite my Byte - 01 - Bite My Byte.mp3","D:\Files\Recordings\superpackage.musics\Krig - Discography\Albums\2026 - Krig - Bite My Byte","Error","Unknown","-","-","-","-"
"Krig - Bite my Byte - 02 - #hashtagdominatesyou.mp3","D:\Files\Recordings\superpackage.musics\Krig - Discography\Albums\2026 - Krig - Bite My Byte","32 kbps","Low","44 kHz","Stereo","4:38","CBR"
"Krig - Bite my Byte - 03 - The 666 Algorithm.mp3","D:\Files\Recordings\superpackage.musics\Krig - Discography\Albums\2026 - Krig - Bite My Byte","Error","Unknown","-","-","-","-"
"Krig - Bite my Byte - 04 - Add Parameters.mp3","D:\Files\Recordings\superpackage.musics\Krig - Discography\Albums\2026 - Krig - Bite My Byte","Error","Unknown","-","-","-","-"
"Krig - Bite my Byte - 05 - Automated Retarded.mp3","D:\Files\Recordings\superpackage.musics\Krig - Discography\Albums\2026 - Krig - Bite My Byte","Error","Unknown","-","-","-","-"
"Krig - Bite my Byte - 06 - 404 Not Found.mp3","D:\Files\Recordings\superpackage.musics\Krig - Discography\Albums\2026 - Krig - Bite My Byte","Error","Unknown","-","-","-","-"
"Krig - Bite my Byte - 07 - Big Tech CEO Bought Your Soul.mp3","D:\Files\Recordings\superpackage.musics\Krig - Discography\Albums\2026 - Krig - Bite My Byte","32 kbps","Low","44 kHz","Stereo","3:56","CBR"
"Krig - Bite my Byte - 08 - Cloud Brain.mp3","D:\Files\Recordings\superpackage.musics\Krig - Discography\Albums\2026 - Krig - Bite My Byte","32 kbps","Low","44 kHz","Stereo","4:51","CBR"
"Krig - Bite my Byte - 09 - Superficial Intelligence (feat. Marcão Werneck).mp3","D:\Files\Recordings\superpackage.musics\Krig - Discography\Albums\2026 - Krig - Bite My Byte","32 kbps","Low","44 kHz","Stereo","3:58","CBR"
"Krig - Bite my Byte - 10 - Censorship Algorithm.mp3","D:\Files\Recordings\superpackage.musics\Krig - Discography\Albums\2026 - Krig - Bite My Byte","58 kbps","Low","44 kHz","Stereo","4:12","CBR"
"Krig - Bite my Byte - 11 - Oriented Object.mp3","D:\Files\Recordings\superpackage.musics\Krig - Discography\Albums\2026 - Krig - Bite My Byte","Error","Unknown","-","-","-","-"
"Krig - Bite my Byte - 12 - Foolish Evildoers XII.mp3","D:\Files\Recordings\superpackage.musics\Krig - Discography\Albums\2026 - Krig - Bite My Byte","32 kbps","Low","44 kHz","Stereo","3:58","CBR"
"Krig - Lies of Santa Claus - 01 - Lies of Santa Claus.mp3","D:\Files\Recordings\superpackage.musics\Krig - Discography\Singles\2012 - Lies of Santa Claus","116 kbps","Low","48 kHz","Stereo","6:08","CBR"
"Krig - True Human Nature - 01 - True Human Nature.mp3","D:\Files\Recordings\superpackage.musics\Krig - Discography\Singles\2012 - True Human Nature","76 kbps","Low","44 kHz","Stereo","7:52","CBR"
"Krig - Decay’s Beholder - 01 - Decay’s Beholder.mp3","D:\Files\Recordings\superpackage.musics\Krig - Discography\Singles\2013 - Decay’s Beholder","32 kbps","Low","44 kHz","Stereo","4:35","CBR"
"Krig - Anamnesis - 01 - Anamnesis.mp3","D:\Files\Recordings\superpackage.musics\Krig - Discography\Singles\2022 - Anamnesis","Error","Unknown","-","-","-","-"
"Krig - Depravity of Human Flesh - 01 - Depravity of Human Flesh.mp3","D:\Files\Recordings\superpackage.musics\Krig - Discography\Singles\2022 - Depravity of Human Flesh","121 kbps","Low","44 kHz","Stereo","5:53","CBR"
"Krig - Measuring With My Ruler - 01 - Measuring With My Ruler.mp3","D:\Files\Recordings\superpackage.musics\Krig - Discography\Singles\2022 - Measuring With My Ruler","126 kbps","Low","44 kHz","Stereo","5:51","CBR"
"Krig - Promiscuity of the Body - 04 - Promiscuity of the Body.mp3","D:\Files\Recordings\superpackage.musics\Krig - Discography\Singles\2022 - Promiscuity of the Body","Error","Unknown","-","-","-","-"
"Krig - Self Control - 01 - Self Control.mp3","D:\Files\Recordings\superpackage.musics\Krig - Discography\Singles\2022 - Self Control","Error","Unknown","-","-","-","-"
"Krig - Blender Pregnancy - 01 - Blender Pregnancy (Feat. Fabio Mohan).mp3","D:\Files\Recordings\superpackage.musics\Krig - Discography\Singles\2024 - Blender Pregnancy","32 kbps","Low","44 kHz","Stereo","4:42","CBR"
"Krig - Christ is Public Enemy #1 - 01 - Christ is Public Enemy #1 (feat. Ritchy Nails).mp3","D:\Files\Recordings\superpackage.musics\Krig - Discography\Singles\2024 - Christ is Public Enemy #1","32 kbps","Low","44 kHz","Stereo","4:56","CBR"
"Krig - Persécution Tranquille - 01 - Persécution Tranquille (feat. Ritchy Nails).mp3","D:\Files\Recordings\superpackage.musics\Krig - Discography\Singles\2024 - Persécution Tranquille","32 kbps","Low","48 kHz","Stereo","3:36","CBR"
"Krig - #hashtagdominatesyou - 01 - #hashtagdominatesyou.mp3","D:\Files\Recordings\superpackage.musics\Krig - Discography\Singles\2025 - #hashtagdominatesyou","32 kbps","Low","44 kHz","Stereo","4:42","CBR"
"Krig - 404 Not Found - 01 - 404 Not Found.mp3","D:\Files\Recordings\superpackage.musics\Krig - Discography\Singles\2025 - 404 Not Found","Error","Unknown","-","-","-","-"
"Krig - Automated Retarded - 01 - Automated Retarded.mp3","D:\Files\Recordings\superpackage.musics\Krig - Discography\Singles\2025 - Automated Retarded","Error","Unknown","-","-","-","-"
"Krig - Big Tech CEO Bought Your Soul - 01 - Big Tech CEO Bought Your Soul.mp3","D:\Files\Recordings\superpackage.musics\Krig - Discography\Singles\2025 - Big Tech CEO Bought Your Soul","32 kbps","Low","44 kHz","Stereo","3:59","CBR"
"Krig - Christ is Risen - 01 - Christ is Risen (feat. Marcão Werneck).mp3","D:\Files\Recordings\superpackage.musics\Krig - Discography\Singles\2025 - Christ is Risen","46 kbps","Low","44 kHz","Stereo","4:27","CBR"
"Krig - The 666 Algorithm - 01 - The 666 Algorithm.mp3","D:\Files\Recordings\superpackage.musics\Krig - Discography\Singles\2025 - The 666 Algorithm","Error","Unknown","-","-","-","-"
"Krig - Superficial Intelligence - 01 - Superficial Intelligence (feat. Marcão Werneck).mp3","D:\Files\Recordings\superpackage.musics\Krig - Discography\Singles\2026 - Superficial Intelligence","32 kbps","Low","44 kHz","Stereo","3:54","CBR"
